fixture_id,draw_id,match_status,round,stage,created_at,risk_note
2301,126,0,1,NULL,"2022-01-19 09:42:11","orphan — draw #126 no longer exists"
2302,126,0,1,NULL,"2022-01-19 09:42:11","orphan — draw #126 no longer exists"
2303,126,0,1,NULL,"2022-01-19 09:42:11","orphan — draw #126 no longer exists"
2304,126,0,1,NULL,"2022-01-19 09:42:11","orphan — draw #126 no longer exists"
2305,126,0,1,NULL,"2022-01-19 09:42:11","orphan — draw #126 no longer exists"
2306,126,0,1,NULL,"2022-01-19 09:42:11","orphan — draw #126 no longer exists"
2307,126,0,1,NULL,"2022-01-19 09:42:11","orphan — draw #126 no longer exists"
2308,126,0,1,NULL,"2022-01-19 09:42:11","orphan — draw #126 no longer exists"
2309,126,0,1,NULL,"2022-01-19 09:42:11","orphan — draw #126 no longer exists"
2310,126,0,1,NULL,"2022-01-19 09:42:11","orphan — draw #126 no longer exists"
2311,126,0,1,NULL,"2022-01-19 09:42:11","orphan — draw #126 no longer exists"
2312,126,0,1,NULL,"2022-01-19 09:42:11","orphan — draw #126 no longer exists"
2313,126,0,1,NULL,"2022-01-19 09:42:11","orphan — draw #126 no longer exists"
2314,126,0,1,NULL,"2022-01-19 09:42:11","orphan — draw #126 no longer exists"
2315,126,0,1,NULL,"2022-01-19 09:42:11","orphan — draw #126 no longer exists"
2316,126,0,1,NULL,"2022-01-19 09:42:11","orphan — draw #126 no longer exists"
2317,126,0,2,NULL,"2022-01-19 09:42:11","orphan — draw #126 no longer exists"
2318,126,0,2,NULL,"2022-01-19 09:42:11","orphan — draw #126 no longer exists"
2319,126,0,2,NULL,"2022-01-19 09:42:11","orphan — draw #126 no longer exists"
2320,126,0,2,NULL,"2022-01-19 09:42:11","orphan — draw #126 no longer exists"
2321,126,0,2,NULL,"2022-01-19 09:42:11","orphan — draw #126 no longer exists"
2322,126,0,2,NULL,"2022-01-19 09:42:11","orphan — draw #126 no longer exists"
2323,126,0,2,NULL,"2022-01-19 09:42:11","orphan — draw #126 no longer exists"
2324,126,0,2,NULL,"2022-01-19 09:42:11","orphan — draw #126 no longer exists"
2325,126,0,3,NULL,"2022-01-19 09:42:11","orphan — draw #126 no longer exists"
2326,126,0,3,NULL,"2022-01-19 09:42:11","orphan — draw #126 no longer exists"
2327,126,0,3,NULL,"2022-01-19 09:42:11","orphan — draw #126 no longer exists"
2328,126,0,3,NULL,"2022-01-19 09:42:11","orphan — draw #126 no longer exists"
2329,126,0,4,NULL,"2022-01-19 09:42:11","orphan — draw #126 no longer exists"
2330,126,0,4,NULL,"2022-01-19 09:42:11","orphan — draw #126 no longer exists"
2331,126,0,5,NULL,"2022-01-19 09:42:11","orphan — draw #126 no longer exists"
2332,126,0,1,NULL,"2022-01-19 09:42:11","orphan — draw #126 no longer exists"
2333,126,0,1,NULL,"2022-01-19 09:42:11","orphan — draw #126 no longer exists"
2334,126,0,1,NULL,"2022-01-19 09:42:11","orphan — draw #126 no longer exists"
2335,126,0,1,NULL,"2022-01-19 09:42:11","orphan — draw #126 no longer exists"
2336,126,0,1,NULL,"2022-01-19 09:42:11","orphan — draw #126 no longer exists"
2337,126,0,1,NULL,"2022-01-19 09:42:11","orphan — draw #126 no longer exists"
2338,126,0,1,NULL,"2022-01-19 09:42:11","orphan — draw #126 no longer exists"
2339,126,0,1,NULL,"2022-01-19 09:42:11","orphan — draw #126 no longer exists"
2340,126,0,1,NULL,"2022-01-19 09:42:11","orphan — draw #126 no longer exists"
2341,126,0,2,NULL,"2022-01-19 09:42:11","orphan — draw #126 no longer exists"
2342,126,0,2,NULL,"2022-01-19 09:42:11","orphan — draw #126 no longer exists"
2343,126,0,2,NULL,"2022-01-19 09:42:11","orphan — draw #126 no longer exists"
2344,126,0,2,NULL,"2022-01-19 09:42:11","orphan — draw #126 no longer exists"
2345,126,0,2,NULL,"2022-01-19 09:42:11","orphan — draw #126 no longer exists"
2346,126,0,2,NULL,"2022-01-19 09:42:11","orphan — draw #126 no longer exists"
2347,126,0,2,NULL,"2022-01-19 09:42:11","orphan — draw #126 no longer exists"
2348,126,0,2,NULL,"2022-01-19 09:42:11","orphan — draw #126 no longer exists"
2349,126,0,3,NULL,"2022-01-19 09:42:11","orphan — draw #126 no longer exists"
2350,126,0,3,NULL,"2022-01-19 09:42:11","orphan — draw #126 no longer exists"
2351,126,0,3,NULL,"2022-01-19 09:42:11","orphan — draw #126 no longer exists"
2352,126,0,3,NULL,"2022-01-19 09:42:11","orphan — draw #126 no longer exists"
2353,126,0,4,NULL,"2022-01-19 09:42:11","orphan — draw #126 no longer exists"
2354,126,0,4,NULL,"2022-01-19 09:42:11","orphan — draw #126 no longer exists"
2355,126,0,4,NULL,"2022-01-19 09:42:11","orphan — draw #126 no longer exists"
2356,126,0,4,NULL,"2022-01-19 09:42:11","orphan — draw #126 no longer exists"
2357,126,0,5,NULL,"2022-01-19 09:42:11","orphan — draw #126 no longer exists"
2358,126,0,5,NULL,"2022-01-19 09:42:11","orphan — draw #126 no longer exists"
2359,126,0,6,NULL,"2022-01-19 09:42:11","orphan — draw #126 no longer exists"
2360,126,0,1,NULL,"2022-01-19 09:42:11","orphan — draw #126 no longer exists"
2361,126,0,1,NULL,"2022-01-19 09:42:11","orphan — draw #126 no longer exists"
2362,126,0,1,NULL,"2022-01-19 09:42:11","orphan — draw #126 no longer exists"
2363,126,0,2,NULL,"2022-01-19 09:42:11","orphan — draw #126 no longer exists"
2364,126,0,2,NULL,"2022-01-19 09:42:11","orphan — draw #126 no longer exists"
2365,126,0,1,NULL,"2022-01-19 09:42:11","orphan — draw #126 no longer exists"
2366,126,0,1,NULL,"2022-01-19 09:42:11","orphan — draw #126 no longer exists"
2367,126,0,2,NULL,"2022-01-19 09:42:11","orphan — draw #126 no longer exists"
2368,126,0,2,NULL,"2022-01-19 09:42:11","orphan — draw #126 no longer exists"
2369,126,0,1,NULL,"2022-01-19 09:42:11","orphan — draw #126 no longer exists"
2370,126,0,1,NULL,"2022-01-19 09:42:11","orphan — draw #126 no longer exists"
2371,126,0,1,NULL,"2022-01-19 09:42:11","orphan — draw #126 no longer exists"
2372,126,0,1,NULL,"2022-01-19 09:42:11","orphan — draw #126 no longer exists"
2373,126,0,2,NULL,"2022-01-19 09:42:11","orphan — draw #126 no longer exists"
2374,126,0,2,NULL,"2022-01-19 09:42:11","orphan — draw #126 no longer exists"
2375,126,0,3,NULL,"2022-01-19 09:42:11","orphan — draw #126 no longer exists"
2376,126,0,2,NULL,"2022-01-19 09:42:11","orphan — draw #126 no longer exists"
2377,126,0,2,NULL,"2022-01-19 09:42:11","orphan — draw #126 no longer exists"
2378,126,0,3,NULL,"2022-01-19 09:42:11","orphan — draw #126 no longer exists"
2379,126,0,3,NULL,"2022-01-19 09:42:11","orphan — draw #126 no longer exists"
2380,126,0,0,NULL,"2022-01-19 09:42:11","orphan — draw #126 no longer exists"
2381,126,0,1,NULL,"2022-01-19 09:42:11","orphan — draw #126 no longer exists"
2382,126,0,1,NULL,"2022-01-19 09:42:11","orphan — draw #126 no longer exists"
2383,126,0,1,NULL,"2022-01-19 09:42:11","orphan — draw #126 no longer exists"
2384,126,0,1,NULL,"2022-01-19 09:42:11","orphan — draw #126 no longer exists"
2385,126,0,2,NULL,"2022-01-19 09:42:11","orphan — draw #126 no longer exists"
2386,126,0,2,NULL,"2022-01-19 09:42:11","orphan — draw #126 no longer exists"
2387,126,0,3,NULL,"2022-01-19 09:42:11","orphan — draw #126 no longer exists"
2388,126,0,2,NULL,"2022-01-19 09:42:11","orphan — draw #126 no longer exists"
2389,126,0,2,NULL,"2022-01-19 09:42:11","orphan — draw #126 no longer exists"
2390,126,0,3,NULL,"2022-01-19 09:42:11","orphan — draw #126 no longer exists"
2391,126,0,3,NULL,"2022-01-19 09:42:11","orphan — draw #126 no longer exists"
2392,126,0,0,NULL,"2022-01-19 09:42:11","orphan — draw #126 no longer exists"
2209,127,0,1,NULL,"2022-01-19 09:37:00","orphan — draw #127 no longer exists"
2210,127,0,1,NULL,"2022-01-19 09:37:00","orphan — draw #127 no longer exists"
2211,127,0,1,NULL,"2022-01-19 09:37:00","orphan — draw #127 no longer exists"
2212,127,0,1,NULL,"2022-01-19 09:37:00","orphan — draw #127 no longer exists"
2213,127,0,1,NULL,"2022-01-19 09:37:00","orphan — draw #127 no longer exists"
2214,127,0,1,NULL,"2022-01-19 09:37:00","orphan — draw #127 no longer exists"
2215,127,0,1,NULL,"2022-01-19 09:37:00","orphan — draw #127 no longer exists"
2216,127,0,1,NULL,"2022-01-19 09:37:00","orphan — draw #127 no longer exists"
2217,127,0,1,NULL,"2022-01-19 09:37:00","orphan — draw #127 no longer exists"
2218,127,0,1,NULL,"2022-01-19 09:37:00","orphan — draw #127 no longer exists"
2219,127,0,1,NULL,"2022-01-19 09:37:00","orphan — draw #127 no longer exists"
2220,127,0,1,NULL,"2022-01-19 09:37:00","orphan — draw #127 no longer exists"
2221,127,0,1,NULL,"2022-01-19 09:37:00","orphan — draw #127 no longer exists"
2222,127,0,1,NULL,"2022-01-19 09:37:00","orphan — draw #127 no longer exists"
2223,127,0,1,NULL,"2022-01-19 09:37:00","orphan — draw #127 no longer exists"
2224,127,0,1,NULL,"2022-01-19 09:37:00","orphan — draw #127 no longer exists"
2225,127,0,2,NULL,"2022-01-19 09:37:00","orphan — draw #127 no longer exists"
2226,127,0,2,NULL,"2022-01-19 09:37:00","orphan — draw #127 no longer exists"
2227,127,0,2,NULL,"2022-01-19 09:37:00","orphan — draw #127 no longer exists"
2228,127,0,2,NULL,"2022-01-19 09:37:00","orphan — draw #127 no longer exists"
2229,127,0,2,NULL,"2022-01-19 09:37:00","orphan — draw #127 no longer exists"
2230,127,0,2,NULL,"2022-01-19 09:37:00","orphan — draw #127 no longer exists"
2231,127,0,2,NULL,"2022-01-19 09:37:00","orphan — draw #127 no longer exists"
2232,127,0,2,NULL,"2022-01-19 09:37:00","orphan — draw #127 no longer exists"
2233,127,0,3,NULL,"2022-01-19 09:37:00","orphan — draw #127 no longer exists"
2234,127,0,3,NULL,"2022-01-19 09:37:00","orphan — draw #127 no longer exists"
2235,127,0,3,NULL,"2022-01-19 09:37:00","orphan — draw #127 no longer exists"
2236,127,0,3,NULL,"2022-01-19 09:37:00","orphan — draw #127 no longer exists"
2237,127,0,4,NULL,"2022-01-19 09:37:00","orphan — draw #127 no longer exists"
2238,127,0,4,NULL,"2022-01-19 09:37:00","orphan — draw #127 no longer exists"
2239,127,0,5,NULL,"2022-01-19 09:37:00","orphan — draw #127 no longer exists"
2240,127,0,1,NULL,"2022-01-19 09:37:00","orphan — draw #127 no longer exists"
2241,127,0,1,NULL,"2022-01-19 09:37:00","orphan — draw #127 no longer exists"
2242,127,0,1,NULL,"2022-01-19 09:37:00","orphan — draw #127 no longer exists"
2243,127,0,1,NULL,"2022-01-19 09:37:00","orphan — draw #127 no longer exists"
2244,127,0,1,NULL,"2022-01-19 09:37:00","orphan — draw #127 no longer exists"
2245,127,0,1,NULL,"2022-01-19 09:37:00","orphan — draw #127 no longer exists"
2246,127,0,1,NULL,"2022-01-19 09:37:00","orphan — draw #127 no longer exists"
2247,127,0,1,NULL,"2022-01-19 09:37:00","orphan — draw #127 no longer exists"
2248,127,0,1,NULL,"2022-01-19 09:37:00","orphan — draw #127 no longer exists"
2249,127,0,2,NULL,"2022-01-19 09:37:00","orphan — draw #127 no longer exists"
2250,127,0,2,NULL,"2022-01-19 09:37:00","orphan — draw #127 no longer exists"
2251,127,0,2,NULL,"2022-01-19 09:37:00","orphan — draw #127 no longer exists"
2252,127,0,2,NULL,"2022-01-19 09:37:00","orphan — draw #127 no longer exists"
2253,127,0,2,NULL,"2022-01-19 09:37:00","orphan — draw #127 no longer exists"
2254,127,0,2,NULL,"2022-01-19 09:37:00","orphan — draw #127 no longer exists"
2255,127,0,2,NULL,"2022-01-19 09:37:01","orphan — draw #127 no longer exists"
2256,127,0,2,NULL,"2022-01-19 09:37:01","orphan — draw #127 no longer exists"
2257,127,0,3,NULL,"2022-01-19 09:37:01","orphan — draw #127 no longer exists"
2258,127,0,3,NULL,"2022-01-19 09:37:01","orphan — draw #127 no longer exists"
2259,127,0,3,NULL,"2022-01-19 09:37:01","orphan — draw #127 no longer exists"
2260,127,0,3,NULL,"2022-01-19 09:37:01","orphan — draw #127 no longer exists"
2261,127,0,4,NULL,"2022-01-19 09:37:01","orphan — draw #127 no longer exists"
2262,127,0,4,NULL,"2022-01-19 09:37:01","orphan — draw #127 no longer exists"
2263,127,0,4,NULL,"2022-01-19 09:37:01","orphan — draw #127 no longer exists"
2264,127,0,4,NULL,"2022-01-19 09:37:01","orphan — draw #127 no longer exists"
2265,127,0,5,NULL,"2022-01-19 09:37:01","orphan — draw #127 no longer exists"
2266,127,0,5,NULL,"2022-01-19 09:37:01","orphan — draw #127 no longer exists"
2267,127,0,6,NULL,"2022-01-19 09:37:01","orphan — draw #127 no longer exists"
2268,127,0,1,NULL,"2022-01-19 09:37:01","orphan — draw #127 no longer exists"
2269,127,0,1,NULL,"2022-01-19 09:37:01","orphan — draw #127 no longer exists"
2270,127,0,1,NULL,"2022-01-19 09:37:01","orphan — draw #127 no longer exists"
2271,127,0,2,NULL,"2022-01-19 09:37:01","orphan — draw #127 no longer exists"
2272,127,0,2,NULL,"2022-01-19 09:37:01","orphan — draw #127 no longer exists"
2273,127,0,1,NULL,"2022-01-19 09:37:01","orphan — draw #127 no longer exists"
2274,127,0,1,NULL,"2022-01-19 09:37:01","orphan — draw #127 no longer exists"
2275,127,0,2,NULL,"2022-01-19 09:37:01","orphan — draw #127 no longer exists"
2276,127,0,2,NULL,"2022-01-19 09:37:01","orphan — draw #127 no longer exists"
2277,127,0,1,NULL,"2022-01-19 09:37:01","orphan — draw #127 no longer exists"
2278,127,0,1,NULL,"2022-01-19 09:37:01","orphan — draw #127 no longer exists"
2279,127,0,1,NULL,"2022-01-19 09:37:01","orphan — draw #127 no longer exists"
2280,127,0,1,NULL,"2022-01-19 09:37:01","orphan — draw #127 no longer exists"
2281,127,0,2,NULL,"2022-01-19 09:37:01","orphan — draw #127 no longer exists"
2282,127,0,2,NULL,"2022-01-19 09:37:01","orphan — draw #127 no longer exists"
2283,127,0,3,NULL,"2022-01-19 09:37:01","orphan — draw #127 no longer exists"
2284,127,0,2,NULL,"2022-01-19 09:37:01","orphan — draw #127 no longer exists"
2285,127,0,2,NULL,"2022-01-19 09:37:01","orphan — draw #127 no longer exists"
2286,127,0,3,NULL,"2022-01-19 09:37:01","orphan — draw #127 no longer exists"
2287,127,0,3,NULL,"2022-01-19 09:37:01","orphan — draw #127 no longer exists"
2288,127,0,0,NULL,"2022-01-19 09:37:01","orphan — draw #127 no longer exists"
2289,127,0,1,NULL,"2022-01-19 09:37:01","orphan — draw #127 no longer exists"
2290,127,0,1,NULL,"2022-01-19 09:37:01","orphan — draw #127 no longer exists"
2291,127,0,1,NULL,"2022-01-19 09:37:01","orphan — draw #127 no longer exists"
2292,127,0,1,NULL,"2022-01-19 09:37:01","orphan — draw #127 no longer exists"
2293,127,0,2,NULL,"2022-01-19 09:37:01","orphan — draw #127 no longer exists"
2294,127,0,2,NULL,"2022-01-19 09:37:01","orphan — draw #127 no longer exists"
2295,127,0,3,NULL,"2022-01-19 09:37:01","orphan — draw #127 no longer exists"
2296,127,0,2,NULL,"2022-01-19 09:37:01","orphan — draw #127 no longer exists"
2297,127,0,2,NULL,"2022-01-19 09:37:01","orphan — draw #127 no longer exists"
2298,127,0,3,NULL,"2022-01-19 09:37:01","orphan — draw #127 no longer exists"
2299,127,0,3,NULL,"2022-01-19 09:37:01","orphan — draw #127 no longer exists"
2300,127,0,0,NULL,"2022-01-19 09:37:01","orphan — draw #127 no longer exists"
2403,129,0,0,NULL,"2022-04-06 10:48:36","orphan — draw #129 no longer exists"
2404,129,0,0,NULL,"2022-04-06 10:48:36","orphan — draw #129 no longer exists"
2405,129,0,0,NULL,"2022-04-06 10:48:36","orphan — draw #129 no longer exists"
2406,129,0,0,NULL,"2022-04-06 10:48:36","orphan — draw #129 no longer exists"
2407,129,0,0,NULL,"2022-04-06 10:48:36","orphan — draw #129 no longer exists"
2408,129,0,0,NULL,"2022-04-06 10:48:36","orphan — draw #129 no longer exists"
2409,129,0,0,NULL,"2022-04-06 10:48:36","orphan — draw #129 no longer exists"
2410,129,0,0,NULL,"2022-04-06 10:48:36","orphan — draw #129 no longer exists"
2411,129,0,0,NULL,"2022-04-06 10:48:36","orphan — draw #129 no longer exists"
2412,129,0,0,NULL,"2022-04-06 10:48:36","orphan — draw #129 no longer exists"
2413,129,0,1,NULL,"2022-04-06 10:48:43","orphan — draw #129 no longer exists"
2414,129,0,1,NULL,"2022-04-06 10:48:43","orphan — draw #129 no longer exists"
2415,129,0,2,NULL,"2022-04-06 10:48:43","orphan — draw #129 no longer exists"
2416,129,0,2,NULL,"2022-04-06 10:48:43","orphan — draw #129 no longer exists"
8020,239,0,1,NULL,"2023-05-04 22:42:15","orphan — draw #239 no longer exists"
8021,239,0,1,NULL,"2023-05-04 22:42:15","orphan — draw #239 no longer exists"
8022,239,0,2,NULL,"2023-05-04 22:42:15","orphan — draw #239 no longer exists"
8023,239,0,2,NULL,"2023-05-04 22:42:15","orphan — draw #239 no longer exists"
8024,239,0,3,NULL,"2023-05-04 22:42:15","orphan — draw #239 no longer exists"
8025,239,0,3,NULL,"2023-05-04 22:42:15","orphan — draw #239 no longer exists"
8026,239,0,4,NULL,"2023-05-04 22:42:15","orphan — draw #239 no longer exists"
8027,239,0,4,NULL,"2023-05-04 22:42:15","orphan — draw #239 no longer exists"
8028,239,0,5,NULL,"2023-05-04 22:42:15","orphan — draw #239 no longer exists"
8029,239,0,5,NULL,"2023-05-04 22:42:15","orphan — draw #239 no longer exists"
8030,239,0,1,NULL,"2023-05-04 22:42:16","orphan — draw #239 no longer exists"
8031,239,0,1,NULL,"2023-05-04 22:42:16","orphan — draw #239 no longer exists"
8032,239,0,2,NULL,"2023-05-04 22:42:16","orphan — draw #239 no longer exists"
8033,239,0,2,NULL,"2023-05-04 22:42:16","orphan — draw #239 no longer exists"
8034,239,0,3,NULL,"2023-05-04 22:42:16","orphan — draw #239 no longer exists"
8035,239,0,3,NULL,"2023-05-04 22:42:16","orphan — draw #239 no longer exists"
17534,1404,0,1,RR,"2026-03-26 08:47:03","orphan — draw #1404 no longer exists"
17535,1404,0,1,RR,"2026-03-26 08:47:03","orphan — draw #1404 no longer exists"
17536,1404,0,1,RR,"2026-03-26 08:47:03","orphan — draw #1404 no longer exists"
17537,1404,0,1,RR,"2026-03-26 08:47:03","orphan — draw #1404 no longer exists"
17538,1404,0,1,RR,"2026-03-26 08:47:03","orphan — draw #1404 no longer exists"
17539,1404,0,1,RR,"2026-03-26 08:47:03","orphan — draw #1404 no longer exists"
17540,1404,0,1,RR,"2026-03-26 08:47:03","orphan — draw #1404 no longer exists"
17541,1404,0,2,RR,"2026-03-26 08:47:03","orphan — draw #1404 no longer exists"
17542,1404,0,2,RR,"2026-03-26 08:47:03","orphan — draw #1404 no longer exists"
17543,1404,0,2,RR,"2026-03-26 08:47:03","orphan — draw #1404 no longer exists"
17544,1404,0,2,RR,"2026-03-26 08:47:03","orphan — draw #1404 no longer exists"
17545,1404,0,2,RR,"2026-03-26 08:47:03","orphan — draw #1404 no longer exists"
17546,1404,0,2,RR,"2026-03-26 08:47:03","orphan — draw #1404 no longer exists"
17547,1404,0,2,RR,"2026-03-26 08:47:03","orphan — draw #1404 no longer exists"
17548,1404,0,3,RR,"2026-03-26 08:47:03","orphan — draw #1404 no longer exists"
17549,1404,0,3,RR,"2026-03-26 08:47:03","orphan — draw #1404 no longer exists"
17550,1404,0,3,RR,"2026-03-26 08:47:03","orphan — draw #1404 no longer exists"
17551,1404,0,3,RR,"2026-03-26 08:47:03","orphan — draw #1404 no longer exists"
17552,1404,0,3,RR,"2026-03-26 08:47:03","orphan — draw #1404 no longer exists"
17553,1404,0,3,RR,"2026-03-26 08:47:03","orphan — draw #1404 no longer exists"
17554,1404,0,3,RR,"2026-03-26 08:47:03","orphan — draw #1404 no longer exists"
17555,1404,0,4,RR,"2026-03-26 08:47:03","orphan — draw #1404 no longer exists"
17556,1404,0,4,RR,"2026-03-26 08:47:03","orphan — draw #1404 no longer exists"
17557,1404,0,4,RR,"2026-03-26 08:47:03","orphan — draw #1404 no longer exists"
17558,1404,0,4,RR,"2026-03-26 08:47:03","orphan — draw #1404 no longer exists"
17559,1404,0,4,RR,"2026-03-26 08:47:03","orphan — draw #1404 no longer exists"
17560,1404,0,4,RR,"2026-03-26 08:47:03","orphan — draw #1404 no longer exists"
17561,1404,0,4,RR,"2026-03-26 08:47:03","orphan — draw #1404 no longer exists"
17562,1404,0,5,RR,"2026-03-26 08:47:03","orphan — draw #1404 no longer exists"
17563,1404,0,5,RR,"2026-03-26 08:47:03","orphan — draw #1404 no longer exists"
17564,1404,0,5,RR,"2026-03-26 08:47:03","orphan — draw #1404 no longer exists"
17565,1404,0,5,RR,"2026-03-26 08:47:03","orphan — draw #1404 no longer exists"
17566,1404,0,5,RR,"2026-03-26 08:47:03","orphan — draw #1404 no longer exists"
17567,1404,0,5,RR,"2026-03-26 08:47:03","orphan — draw #1404 no longer exists"
17568,1404,0,5,RR,"2026-03-26 08:47:03","orphan — draw #1404 no longer exists"
17569,1404,0,6,RR,"2026-03-26 08:47:03","orphan — draw #1404 no longer exists"
17570,1404,0,6,RR,"2026-03-26 08:47:03","orphan — draw #1404 no longer exists"
17571,1404,0,6,RR,"2026-03-26 08:47:03","orphan — draw #1404 no longer exists"
17572,1404,0,6,RR,"2026-03-26 08:47:03","orphan — draw #1404 no longer exists"
17573,1404,0,6,RR,"2026-03-26 08:47:03","orphan — draw #1404 no longer exists"
17574,1404,0,6,RR,"2026-03-26 08:47:03","orphan — draw #1404 no longer exists"
17575,1404,0,6,RR,"2026-03-26 08:47:03","orphan — draw #1404 no longer exists"
17576,1404,0,7,RR,"2026-03-26 08:47:03","orphan — draw #1404 no longer exists"
17577,1404,0,7,RR,"2026-03-26 08:47:03","orphan — draw #1404 no longer exists"
17578,1404,0,7,RR,"2026-03-26 08:47:03","orphan — draw #1404 no longer exists"
17579,1404,0,7,RR,"2026-03-26 08:47:03","orphan — draw #1404 no longer exists"
17580,1404,0,7,RR,"2026-03-26 08:47:03","orphan — draw #1404 no longer exists"
17581,1404,0,7,RR,"2026-03-26 08:47:03","orphan — draw #1404 no longer exists"
17582,1404,0,7,RR,"2026-03-26 08:47:03","orphan — draw #1404 no longer exists"
17583,1404,0,8,RR,"2026-03-26 08:47:03","orphan — draw #1404 no longer exists"
17584,1404,0,8,RR,"2026-03-26 08:47:03","orphan — draw #1404 no longer exists"
17585,1404,0,8,RR,"2026-03-26 08:47:03","orphan — draw #1404 no longer exists"
17586,1404,0,8,RR,"2026-03-26 08:47:03","orphan — draw #1404 no longer exists"
17587,1404,0,8,RR,"2026-03-26 08:47:03","orphan — draw #1404 no longer exists"
17588,1404,0,8,RR,"2026-03-26 08:47:03","orphan — draw #1404 no longer exists"
17589,1404,0,8,RR,"2026-03-26 08:47:03","orphan — draw #1404 no longer exists"
17590,1404,0,9,RR,"2026-03-26 08:47:03","orphan — draw #1404 no longer exists"
17591,1404,0,9,RR,"2026-03-26 08:47:03","orphan — draw #1404 no longer exists"
17592,1404,0,9,RR,"2026-03-26 08:47:03","orphan — draw #1404 no longer exists"
17593,1404,0,9,RR,"2026-03-26 08:47:03","orphan — draw #1404 no longer exists"
17594,1404,0,9,RR,"2026-03-26 08:47:03","orphan — draw #1404 no longer exists"
17595,1404,0,9,RR,"2026-03-26 08:47:03","orphan — draw #1404 no longer exists"
17596,1404,0,9,RR,"2026-03-26 08:47:03","orphan — draw #1404 no longer exists"
17597,1404,0,10,RR,"2026-03-26 08:47:03","orphan — draw #1404 no longer exists"
17598,1404,0,10,RR,"2026-03-26 08:47:03","orphan — draw #1404 no longer exists"
17599,1404,0,10,RR,"2026-03-26 08:47:03","orphan — draw #1404 no longer exists"
17600,1404,0,10,RR,"2026-03-26 08:47:03","orphan — draw #1404 no longer exists"
17601,1404,0,10,RR,"2026-03-26 08:47:03","orphan — draw #1404 no longer exists"
17602,1404,0,10,RR,"2026-03-26 08:47:03","orphan — draw #1404 no longer exists"
17603,1404,0,10,RR,"2026-03-26 08:47:03","orphan — draw #1404 no longer exists"
17604,1404,0,11,RR,"2026-03-26 08:47:03","orphan — draw #1404 no longer exists"
17605,1404,0,11,RR,"2026-03-26 08:47:03","orphan — draw #1404 no longer exists"
17606,1404,0,11,RR,"2026-03-26 08:47:03","orphan — draw #1404 no longer exists"
17607,1404,0,11,RR,"2026-03-26 08:47:03","orphan — draw #1404 no longer exists"
17608,1404,0,11,RR,"2026-03-26 08:47:03","orphan — draw #1404 no longer exists"
17609,1404,0,11,RR,"2026-03-26 08:47:03","orphan — draw #1404 no longer exists"
17610,1404,0,11,RR,"2026-03-26 08:47:03","orphan — draw #1404 no longer exists"
17611,1404,0,12,RR,"2026-03-26 08:47:03","orphan — draw #1404 no longer exists"
17612,1404,0,12,RR,"2026-03-26 08:47:03","orphan — draw #1404 no longer exists"
17613,1404,0,12,RR,"2026-03-26 08:47:03","orphan — draw #1404 no longer exists"
17614,1404,0,12,RR,"2026-03-26 08:47:03","orphan — draw #1404 no longer exists"
17615,1404,0,12,RR,"2026-03-26 08:47:03","orphan — draw #1404 no longer exists"
17616,1404,0,12,RR,"2026-03-26 08:47:03","orphan — draw #1404 no longer exists"
17617,1404,0,12,RR,"2026-03-26 08:47:03","orphan — draw #1404 no longer exists"
17618,1404,0,13,RR,"2026-03-26 08:47:03","orphan — draw #1404 no longer exists"
17619,1404,0,13,RR,"2026-03-26 08:47:03","orphan — draw #1404 no longer exists"
17620,1404,0,13,RR,"2026-03-26 08:47:03","orphan — draw #1404 no longer exists"
17621,1404,0,13,RR,"2026-03-26 08:47:03","orphan — draw #1404 no longer exists"
17622,1404,0,13,RR,"2026-03-26 08:47:03","orphan — draw #1404 no longer exists"
17623,1404,0,13,RR,"2026-03-26 08:47:03","orphan — draw #1404 no longer exists"
17624,1404,0,13,RR,"2026-03-26 08:47:03","orphan — draw #1404 no longer exists"
17638,1407,0,1,RR,"2026-03-26 09:29:47","orphan — draw #1407 no longer exists"
17639,1407,0,2,RR,"2026-03-26 09:29:47","orphan — draw #1407 no longer exists"
17640,1407,0,3,RR,"2026-03-26 09:29:47","orphan — draw #1407 no longer exists"
17644,1407,0,1,MAIN,"2026-03-26 12:15:53","orphan — draw #1407 no longer exists"
17645,1407,0,1,MAIN,"2026-03-26 12:15:53","orphan — draw #1407 no longer exists"
17646,1407,0,2,MAIN,"2026-03-26 12:15:53","orphan — draw #1407 no longer exists"
17647,1407,0,2,MAIN,"2026-03-26 12:15:53","orphan — draw #1407 no longer exists"
17725,1411,1,1,RR,"2026-04-23 11:31:59","orphan — draw #1411 no longer exists"
17726,1411,1,1,RR,"2026-04-23 11:31:59","orphan — draw #1411 no longer exists"
17727,1411,1,2,RR,"2026-04-23 11:31:59","orphan — draw #1411 no longer exists"
17728,1411,1,2,RR,"2026-04-23 11:31:59","orphan — draw #1411 no longer exists"
17729,1411,1,3,RR,"2026-04-23 11:31:59","orphan — draw #1411 no longer exists"
17730,1411,1,3,RR,"2026-04-23 11:31:59","orphan — draw #1411 no longer exists"
17731,1411,1,4,RR,"2026-04-23 11:31:59","orphan — draw #1411 no longer exists"
17732,1411,1,4,RR,"2026-04-23 11:31:59","orphan — draw #1411 no longer exists"
17733,1411,1,5,RR,"2026-04-23 11:31:59","orphan — draw #1411 no longer exists"
17734,1411,1,5,RR,"2026-04-23 11:31:59","orphan — draw #1411 no longer exists"
17735,1411,1,1,RR,"2026-04-23 11:31:59","orphan — draw #1411 no longer exists"
17736,1411,1,1,RR,"2026-04-23 11:31:59","orphan — draw #1411 no longer exists"
17737,1411,1,2,RR,"2026-04-23 11:31:59","orphan — draw #1411 no longer exists"
17738,1411,1,2,RR,"2026-04-23 11:31:59","orphan — draw #1411 no longer exists"
17739,1411,1,3,RR,"2026-04-23 11:31:59","orphan — draw #1411 no longer exists"
17740,1411,1,3,RR,"2026-04-23 11:31:59","orphan — draw #1411 no longer exists"
17753,1411,0,1,MAIN,"2026-04-23 12:16:58","orphan — draw #1411 no longer exists"
17754,1411,0,1,PLATE,"2026-04-23 12:16:58","orphan — draw #1411 no longer exists"
17755,1411,0,1,CONS,"2026-04-23 12:16:58","orphan — draw #1411 no longer exists"
